INSERT INTO users (id, email, password, name, phone) VALUES (1, 'admin@gmail.com', 'password', 'admin admin', '999-999-9999');
INSERT INTO admins (admin_id) VALUES (1);

INSERT INTO users (id, email, password, name, phone) VALUES (2, 'parent1@gmail.com', 'password', 'parent 1', '999-999-9999');
INSERT INTO users (id, email, password, name, phone) VALUES (3, 'parent2@gmail.com', 'password', 'parent 2', '999-999-9998');
INSERT INTO users (id, email, password, name, phone) VALUES (4, 'parent3@gmail.com', 'password', 'parent 3', '999-999-9997');
INSERT INTO users (id, email, password, name, phone) VALUES (5, 'parent4@gmail.com', 'password', 'parent 4', '999-999-9999');
INSERT INTO users (id, email, password, name, phone) VALUES (6, 'parent5@gmail.com', 'password', 'parent 5', '999-999-9998');
INSERT INTO users (id, email, password, name, phone) VALUES (7, 'parent6@gmail.com', 'password', 'parent 6', '999-999-9997');
INSERT INTO users (id, email, password, name, phone) VALUES (8, 'parent7@gmail.com', 'password', 'parent 7', '999-999-9999');
INSERT INTO users (id, email, password, name, phone) VALUES (9, 'parent8@gmail.com', 'password', 'parent 8', '999-999-9998');
INSERT INTO users (id, email, password, name, phone) VALUES (10, 'parent9@gmail.com', 'password', 'parent 9', '999-999-9997');
INSERT INTO users (id, email, password, name, phone) VALUES (11, 'parent10@gmail.com', 'password', 'parent 10', '999-999-9997');

INSERT INTO parents (parent_id) VALUES (2);
INSERT INTO parents (parent_id) VALUES (3);
INSERT INTO parents (parent_id) VALUES (4);
INSERT INTO parents (parent_id) VALUES (5);
INSERT INTO parents (parent_id) VALUES (6);
INSERT INTO parents (parent_id) VALUES (7);
INSERT INTO parents (parent_id) VALUES (8);
INSERT INTO parents (parent_id) VALUES (9);
INSERT INTO parents (parent_id) VALUES (10);
INSERT INTO parents (parent_id) VALUES (11);

INSERT INTO users (id, email, password, name, phone) VALUES (12, 'student1@gmail.com', 'password', 'student 1', '999-999-9999');
INSERT INTO users (id, email, password, name, phone) VALUES (13, 'student2@gmail.com', 'password', 'student 2', '999-999-9998');
INSERT INTO users (id, email, password, name, phone) VALUES (14, 'student3@gmail.com', 'password', 'student 3', '999-999-9997');
INSERT INTO users (id, email, password, name, phone) VALUES (15, 'student4@gmail.com', 'password', 'student 4', '999-999-9999');
INSERT INTO users (id, email, password, name, phone) VALUES (16, 'student5@gmail.com', 'password', 'student 5', '999-999-9998');
INSERT INTO users (id, email, password, name, phone) VALUES (17, 'student6@gmail.com', 'password', 'student 6', '999-999-9997');
INSERT INTO users (id, email, password, name, phone) VALUES (18, 'student7@gmail.com', 'password', 'student 7', '999-999-9999');
INSERT INTO users (id, email, password, name, phone) VALUES (19, 'student8@gmail.com', 'password', 'student 8', '999-999-9998');
INSERT INTO users (id, email, password, name, phone) VALUES (20, 'student9@gmail.com', 'password', 'student 9', '999-999-9997');
INSERT INTO users (id, email, password, name, phone) VALUES (21, 'student10@gmail.com', 'password', 'student 10', '999-999-9997');
INSERT INTO users (id, email, password, name, phone) VALUES (22, 'student11@gmail.com', 'password', 'student 11', '999-999-9999');
INSERT INTO users (id, email, password, name, phone) VALUES (23, 'student12@gmail.com', 'password', 'student 12', '999-999-9998');
INSERT INTO users (id, email, password, name, phone) VALUES (24, 'student13@gmail.com', 'password', 'student 13', '999-999-9997');
INSERT INTO users (id, email, password, name, phone) VALUES (25, 'student14@gmail.com', 'password', 'student 14', '999-999-9999');
INSERT INTO users (id, email, password, name, phone) VALUES (26, 'student15@gmail.com', 'password', 'student 15', '999-999-9998');

INSERT INTO students (student_id, grade, parent_id) VALUES (12, 6, 2);
INSERT INTO students (student_id, grade, parent_id) VALUES (13, 6, 3);
INSERT INTO students (student_id, grade, parent_id) VALUES (14, 7, 4);
INSERT INTO students (student_id, grade, parent_id) VALUES (15, 8, 5);
INSERT INTO students (student_id, grade, parent_id) VALUES (16, 9, 6);
INSERT INTO students (student_id, grade, parent_id) VALUES (17, 9, 7);
INSERT INTO students (student_id, grade, parent_id) VALUES (18, 9, 8);
INSERT INTO students (student_id, grade, parent_id) VALUES (19, 10, 9);
INSERT INTO students (student_id, grade, parent_id) VALUES (20, 11, 10);
INSERT INTO students (student_id, grade, parent_id) VALUES (21, 12, 11);
INSERT INTO students (student_id, grade, parent_id) VALUES (22, 12, 2);
INSERT INTO students (student_id, grade, parent_id) VALUES (23, 9, 4);
INSERT INTO students (student_id, grade, parent_id) VALUES (24, 6, 5);
INSERT INTO students (student_id, grade, parent_id) VALUES (25, 12, 7);
INSERT INTO students (student_id, grade, parent_id) VALUES (26, 12, 7);

INSERT INTO `groups` (group_id, `name`, `description`, `mentor_grade_req`, `mentee_grade_req`) VALUES (6, 'Group 6', 6, 9, NULL);
INSERT INTO `groups` (group_id, `name`, `description`, `mentor_grade_req`, `mentee_grade_req`) VALUES (7, 'Group 7', 7, 10, NULL);
INSERT INTO `groups` (group_id, `name`, `description`, `mentor_grade_req`, `mentee_grade_req`) VALUES (8, 'Group 8', 8, 11, NULL);
INSERT INTO `groups` (group_id, `name`, `description`, `mentor_grade_req`, `mentee_grade_req`) VALUES (9, 'Group 9', 9, 12, 6);
INSERT INTO `groups` (group_id, `name`, `description`, `mentor_grade_req`, `mentee_grade_req`) VALUES (10, 'Group 10', 10, NULL, 7);
INSERT INTO `groups` (group_id, `name`, `description`, `mentor_grade_req`, `mentee_grade_req`) VALUES (11, 'Group 11', 11, NULL, 8);
INSERT INTO `groups` (group_id, `name`, `description`, `mentor_grade_req`, `mentee_grade_req`) VALUES (12, 'Group 12', 12, NULL, 9);

INSERT INTO time_slot (time_slot_id, day_of_the_week, start_time, end_time) VALUES (1, 'Saturday', '16:00:00', '17:00:00');
INSERT INTO time_slot (time_slot_id, day_of_the_week, start_time, end_time) VALUES (2, 'Saturday', '16:30:00', '17:30:00');
INSERT INTO time_slot (time_slot_id, day_of_the_week, start_time, end_time) VALUES (3, 'Saturday', '17:00:00', '18:00:00');
INSERT INTO time_slot (time_slot_id, day_of_the_week, start_time, end_time) VALUES (4, 'Saturday', '17:30:00', '18:30:00');
INSERT INTO time_slot (time_slot_id, day_of_the_week, start_time, end_time) VALUES (5, 'Saturday', '18:00:00', '19:00:00');
INSERT INTO time_slot (time_slot_id, day_of_the_week, start_time, end_time) VALUES (6, 'Saturday', '18:30:00', '19:30:00');
INSERT INTO time_slot (time_slot_id, day_of_the_week, start_time, end_time) VALUES (7, 'Saturday', '19:00:00', '20:00:00');
INSERT INTO time_slot (time_slot_id, day_of_the_week, start_time, end_time) VALUES (8, 'Saturday', '19:30:00', '20:30:00');
INSERT INTO time_slot (time_slot_id, day_of_the_week, start_time, end_time) VALUES (9, 'Sunday', '16:00:00', '17:00:00');
INSERT INTO time_slot (time_slot_id, day_of_the_week, start_time, end_time) VALUES (10, 'Sunday', '16:30:00', '17:30:00');
INSERT INTO time_slot (time_slot_id, day_of_the_week, start_time, end_time) VALUES (11, 'Sunday', '17:00:00', '18:00:00');
INSERT INTO time_slot (time_slot_id, day_of_the_week, start_time, end_time) VALUES (12, 'Sunday', '17:30:00', '18:30:00');
INSERT INTO time_slot (time_slot_id, day_of_the_week, start_time, end_time) VALUES (13, 'Sunday', '18:00:00', '19:00:00');
INSERT INTO time_slot (time_slot_id, day_of_the_week, start_time, end_time) VALUES (14, 'Sunday', '18:30:00', '19:30:00');
INSERT INTO time_slot (time_slot_id, day_of_the_week, start_time, end_time) VALUES (15, 'Sunday', '19:00:00', '20:00:00');
INSERT INTO time_slot (time_slot_id, day_of_the_week, start_time, end_time) VALUES (16, 'Sunday', '19:30:00', '20:30:00');

INSERT INTO meetings (meet_name, date, time_slot_id, capacity, announcement, group_id) VALUES ('Math', '2020-03-14', 1, 6, 'Announcement 1', 6);
INSERT INTO meetings (meet_name, date, time_slot_id, capacity, announcement, group_id) VALUES ('English', '2020-03-14', 1, 6, 'Announcement 2', 7);
INSERT INTO meetings (meet_name, date, time_slot_id, capacity, announcement, group_id) VALUES ('English', '2020-03-14', 1, 6, 'Announcement 3', 8);
INSERT INTO meetings (meet_name, date, time_slot_id, capacity, announcement, group_id) VALUES ('Math', '2020-03-14', 1, 6, 'Announcement 4', 9);

INSERT INTO meetings (meet_name, date, time_slot_id, capacity, announcement, group_id) VALUES ('Math', '2020-03-28', 1, 6, 'Announcement 1', 6);
INSERT INTO meetings (meet_name, date, time_slot_id, capacity, announcement, group_id) VALUES ('Math', '2020-03-28', 1, 6, 'Announcement 2', 7);
INSERT INTO meetings (meet_name, date, time_slot_id, capacity, announcement, group_id) VALUES ('Math', '2020-03-28', 1, 6, 'Announcement 3', 8);
INSERT INTO meetings (meet_name, date, time_slot_id, capacity, announcement, group_id) VALUES ('Math', '2020-03-28', 1, 6, 'Announcement 4', 9);
INSERT INTO meetings (meet_name, date, time_slot_id, capacity, announcement, group_id) VALUES ('Math', '2020-03-28', 5, 6, 'Announcement 5', 6);
INSERT INTO meetings (meet_name, date, time_slot_id, capacity, announcement, group_id) VALUES ('Math', '2020-03-28', 5, 6, 'Announcement 6', 7);
INSERT INTO meetings (meet_name, date, time_slot_id, capacity, announcement, group_id) VALUES ('Math', '2020-03-28', 5, 6, 'Announcement 7', 8);
INSERT INTO meetings (meet_name, date, time_slot_id, capacity, announcement, group_id) VALUES ('Math', '2020-03-28', 5, 6, 'Announcement 8', 9);
INSERT INTO meetings (meet_name, date, time_slot_id, capacity, announcement, group_id) VALUES ('Math', '2020-03-29', 9, 6, 'Announcement 9', 6);
INSERT INTO meetings (meet_name, date, time_slot_id, capacity, announcement, group_id) VALUES ('Math', '2020-03-29', 9, 6, 'Announcement 10', 7);
INSERT INTO meetings (meet_name, date, time_slot_id, capacity, announcement, group_id) VALUES ('Math', '2020-03-29', 9, 6, 'Announcement 11', 8);
INSERT INTO meetings (meet_name, date, time_slot_id, capacity, announcement, group_id) VALUES ('Math', '2020-03-29', 9, 6, 'Announcement 12', 9);
INSERT INTO meetings (meet_name, date, time_slot_id, capacity, announcement, group_id) VALUES ('Math', '2020-04-04', 1, 6, 'Announcement 1', 6);
INSERT INTO meetings (meet_name, date, time_slot_id, capacity, announcement, group_id) VALUES ('Math', '2020-04-04', 1, 6, 'Announcement 2', 7);
INSERT INTO meetings (meet_name, date, time_slot_id, capacity, announcement, group_id) VALUES ('Math', '2020-04-04', 1, 6, 'Announcement 3', 8);
INSERT INTO meetings (meet_name, date, time_slot_id, capacity, announcement, group_id) VALUES ('Math', '2020-04-04', 1, 6, 'Announcement 4', 9);

INSERT INTO meetings (meet_name, date, time_slot_id, capacity, announcement, group_id) VALUES ('English', '2020-03-28', 1, 6, 'Announcement 1', 6);
INSERT INTO meetings (meet_name, date, time_slot_id, capacity, announcement, group_id) VALUES ('English', '2020-03-28', 1, 6, 'Announcement 2', 7);
INSERT INTO meetings (meet_name, date, time_slot_id, capacity, announcement, group_id) VALUES ('English', '2020-03-28', 1, 6, 'Announcement 3', 8);
INSERT INTO meetings (meet_name, date, time_slot_id, capacity, announcement, group_id) VALUES ('English', '2020-03-28', 1, 6, 'Announcement 4', 9);
INSERT INTO meetings (meet_name, date, time_slot_id, capacity, announcement, group_id) VALUES ('English', '2020-03-28', 5, 6, 'Announcement 5', 6);
INSERT INTO meetings (meet_name, date, time_slot_id, capacity, announcement, group_id) VALUES ('English', '2020-03-28', 5, 6, 'Announcement 6', 7);
INSERT INTO meetings (meet_name, date, time_slot_id, capacity, announcement, group_id) VALUES ('English', '2020-03-28', 5, 6, 'Announcement 7', 8);
INSERT INTO meetings (meet_name, date, time_slot_id, capacity, announcement, group_id) VALUES ('English', '2020-03-28', 5, 6, 'Announcement 8', 9);
INSERT INTO meetings (meet_name, date, time_slot_id, capacity, announcement, group_id) VALUES ('English', '2020-03-29', 9, 6, 'Announcement 9', 6);
INSERT INTO meetings (meet_name, date, time_slot_id, capacity, announcement, group_id) VALUES ('English', '2020-03-29', 9, 6, 'Announcement 10', 7);
INSERT INTO meetings (meet_name, date, time_slot_id, capacity, announcement, group_id) VALUES ('English', '2020-03-29', 9, 6, 'Announcement 11', 8);
INSERT INTO meetings (meet_name, date, time_slot_id, capacity, announcement, group_id) VALUES ('English', '2020-03-29', 9, 6, 'Announcement 12', 9);
INSERT INTO meetings (meet_name, date, time_slot_id, capacity, announcement, group_id) VALUES ('English', '2020-04-04', 1, 6, 'Announcement 1', 6);
INSERT INTO meetings (meet_name, date, time_slot_id, capacity, announcement, group_id) VALUES ('English', '2020-04-04', 1, 6, 'Announcement 2', 7);
INSERT INTO meetings (meet_name, date, time_slot_id, capacity, announcement, group_id) VALUES ('English', '2020-04-04', 1, 6, 'Announcement 3', 8);
INSERT INTO meetings (meet_name, date, time_slot_id, capacity, announcement, group_id) VALUES ('English', '2020-04-04', 1, 6, 'Announcement 4', 9);
